﻿Players,Team,Age,Height_ft,Height_in,Weight
Aaron Gordon,ORL,23,6,9,220
Aaron Holiday,IND,22,6,1,185
Abdel Nader,OKC,25,6,6,225
Al Horford,BOS,33,6,10,245
Al-Farouq Aminu,POR,28,6,9,220
Alan Williams,BKN,26,6,8,265
Alec Burks,SAC,27,6,6,214
Alex Abrines,OKC,25,6,6,200
Alex Caruso,LAL,25,6,5,186
Alex Len,ATL,26,7,1,250
Alex Poythress,ATL,25,6,9,235
Alfonzo McKinnie,GSW,26,6,8,215
Alize Johnson,IND,23,6,9,212
Allen Crabbe,BKN,27,6,6,212
Allonzo Trier,NYK,23,6,5,200
Amile Jefferson,ORL,26,6,9,222
Amir Johnson,PHI,32,6,9,240
Andre Drummond,DET,25,6,11,279
Andre Iguodala,GSW,35,6,6,215
Andre Ingram,LAL,33,6,3,190
Andrew Bogut,GSW,34,7,0,260
Andrew Harrison,NOP,24,6,6,213
Andrew Wiggins,MIN,24,6,8,194
Anfernee Simons,POR,20,6,4,185
Angel Delgado,LAC,24,6,10,245
Ante Zizic,CLE,22,6,11,254
Anthony Davis,NOP,26,6,10,253
Anthony Tolliver,MIN,34,6,8,250
Antonio Blakeney,CHI,22,6,4,192
Aron Baynes,BOS,32,6,10,260
Austin Rivers,HOU,26,6,4,200
Avery Bradley,MEM,28,6,2,180
BJ Johnson,SAC,23,6,7,200
Bam Adebayo,MIA,21,6,10,255
Ben McLemore,SAC,26,6,5,201
Ben Simmons,PHI,22,6,10,230
Billy Garrett,NYK,24,6,6,215
Bismack Biyombo,CHA,26,6,9,255
Blake Griffin,DET,30,6,10,250
Boban Marjanovic,PHI,30,7,3,290
Bobby Portis,WAS,24,6,11,250
Bogdan Bogdanovic,SAC,26,6,6,205
Bojan Bogdanovic,IND,30,6,8,216
Bonzie Colson,MIL,23,6,6,225
Brad Wanamaker,BOS,29,6,4,210
Bradley Beal,WAS,26,6,5,207
Brandon Goodwin,DEN,23,6,2,180
Brandon Ingram,LAL,21,6,9,190
Brandon Knight,CLE,27,6,3,195
Brandon Sampson,CHI,22,6,5,184
Brook Lopez,MIL,31,7,0,270
Bruce Brown,DET,22,6,5,202
Bruno Caboclo,MEM,23,6,9,218
Bryn Forbes,SAS,25,6,3,190
Buddy Hield,SAC,26,6,4,214
C.J. Williams,MIN,29,6,5,226
CJ McCollum,POR,27,6,3,190
CJ Miles,MEM,32,6,6,220
Caleb Swanigan,SAC,22,6,9,250
Cameron Payne,CLE,24,6,3,190
Cameron Reynolds,MIN,24,6,8,225
Caris LeVert,BKN,24,6,7,204
Carmelo Anthony,HOU,35,6,8,240
Cedi Osman,CLE,24,6,8,215
Chandler Hutchison,CHI,23,6,7,197
Chandler Parsons,MEM,30,6,10,230
Channing Frye,CLE,36,7,0,255
Chasson Randle,WAS,26,6,2,185
Cheick Diallo,NOP,22,6,9,220
Chimezie Metu,SAS,22,6,10,225
Chris Boucher,TOR,26,6,10,200
Chris Chiozza,HOU,23,6,0,175
Chris Paul,HOU,34,6,0,175
Christian Wood,NOP,23,6,10,214
Clint Capela,HOU,25,6,10,240
Cody Zeller,CHA,26,7,0,240
Collin Sexton,CLE,20,6,2,190
Corey Brewer,SAC,33,6,9,186
Cory Joseph,IND,27,6,3,193
Courtney Lee,DAL,33,6,5,215
Cristiano Felicio,CHI,26,6,10,265
D'Angelo Russell,BKN,23,6,5,198
D.J. Augustin,ORL,31,6,0,183
D.J. Wilson,MIL,23,6,10,231
DJ Stephens,MEM,28,6,5,188
Dairis Bertans,NOP,29,6,4,200
Damian Jones,GSW,24,7,0,245
Damian Lillard,POR,28,6,3,195
Damion Lee,GSW,26,6,6,210
Damyean Dotson,NYK,25,6,6,210
Daniel Hamilton,ATL,23,6,7,195
Daniel Theis,BOS,27,6,8,243
Danilo Gallinari,LAC,30,6,10,225
Danny Green,TOR,32,6,6,215
Dante Cunningham,SAS,32,6,8,230
Dante Exum,UTA,23,6,6,190
Danuel House Jr.,HOU,26,6,7,220
Dario Saric,MIN,25,6,10,223
Darius Miller,NOP,29,6,8,225
Darren Collison,IND,31,6,0,175
Daryl Macon,DAL,23,6,3,185
David Nwaba,CLE,26,6,4,219
Davis Bertans,SAS,26,6,10,225
Davon Reed,IND,24,6,5,208
De'Aaron Fox,SAC,21,6,3,175
De'Anthony Melton,PHX,21,6,4,200
DeAndre Jordan,NYK,30,6,11,265
DeAndre' Bembry,ATL,24,6,6,210
DeMar DeRozan,SAS,29,6,7,220
DeMarcus Cousins,GSW,28,6,11,270
DeMarre Carroll,BKN,32,6,8,215
DeVaughn Akoon-Purcell,DEN,26,6,6,200
Deandre Ayton,PHX,20,7,1,250
Delon Wright,MEM,27,6,5,183
Demetrius Jackson,PHI,24,6,1,201
Deng Adel,CLE,22,6,7,200
Dennis Schroder,OKC,25,6,1,172
Dennis Smith Jr.,NYK,21,6,3,195
Deonte Burton,OKC,25,6,5,245
Derrick Favors,UTA,27,6,10,265
Derrick Jones Jr.,MIA,22,6,7,200
Derrick Rose,MIN,30,6,3,200
Derrick White,SAS,24,6,4,190
Devin Booker,PHX,22,6,6,210
Devin Harris,DAL,36,6,3,185
Devin Robinson,WAS,24,6,8,200
Devonte' Graham,CHA,24,6,2,185
Dewayne Dedmon,ATL,29,7,0,245
Deyonta Davis,ATL,22,6,11,237
Dillon Brooks,MEM,23,6,6,220
Dion Waiters,MIA,27,6,4,215
Dirk Nowitzki,DAL,41,7,0,245
Domantas Sabonis,IND,23,6,11,240
Donatas Motiejunas,SAS,28,7,0,220
Donovan Mitchell,UTA,22,6,3,215
Donte DiVincenzo,MIL,22,6,4,203
Donte Grantham,OKC,24,6,8,215
Dorian Finney-Smith,DAL,26,6,8,220
Doug McDermott,IND,27,6,8,225
Dragan Bender,PHX,21,7,1,225
Draymond Green,GSW,29,6,7,230
Drew Eubanks,SAS,22,6,10,245
Duncan Robinson,MIA,25,6,8,210
Dusty Hannahs,MEM,25,6,4,195
Dwayne Bacon,CHA,23,6,7,221
Dwight Howard,WAS,33,6,11,265
Dwight Powell,DAL,27,6,11,240
Dwyane Wade,MIA,37,6,4,220
Dzanan Musa,BKN,20,6,9,208
E'Twaun Moore,NOP,30,6,4,191
Ed Davis,BKN,30,6,10,225
Edmond Sumner,IND,23,6,6,176
Ekpe Udoh,UTA,32,6,10,245
Elfrid Payton,NOP,25,6,4,185
Elie Okobo,PHX,21,6,3,190
Emanuel Terry,MIA,22,6,9,220
Emmanuel Mudiay,NYK,23,6,5,200
Enes Kanter,POR,27,6,11,250
Eric Bledsoe,MIL,29,6,1,205
Eric Gordon,HOU,30,6,4,215
Eric Moreland,TOR,27,6,10,238
Ersan Ilyasova,MIL,32,6,10,235
Evan Fournier,ORL,26,6,7,205
Evan Turner,POR,30,6,7,220
Frank Jackson,NOP,21,6,3,205
Frank Kaminsky,CHA,26,7,0,242
Frank Mason,SAC,25,5,11,190
Frank Ntilikina,NYK,20,6,6,200
Fred VanVleet,TOR,25,6,0,195
Furkan Korkmaz,PHI,21,6,7,190
Garrett Temple,LAC,33,6,6,195
Gary Clark,HOU,24,6,8,225
Gary Harris,DEN,24,6,4,210
Gary Payton II,WAS,26,6,3,190
Gary Trent Jr.,POR,20,6,6,205
George Hill,MIL,33,6,3,188
George King,PHX,25,6,6,220
Georges Niang,UTA,26,6,8,230
Gerald Green,HOU,33,6,7,205
Giannis Antetokounmpo,MIL,24,6,11,242
Glenn Robinson III,DET,25,6,6,222
Goran Dragic,MIA,33,6,3,190
Gordon Hayward,BOS,29,6,8,225
Gorgui Dieng,MIN,29,6,11,252
Grayson Allen,UTA,23,6,5,198
Greg Monroe,PHI,29,6,11,265
Guerschon Yabusele,BOS,23,6,8,260
Hamidou Diallo,OKC,20,6,5,198
Harrison Barnes,SAC,27,6,8,225
Harry Giles III,SAC,21,6,10,240
Hassan Whiteside,MIA,30,7,0,265
Haywood Highsmith,PHI,22,6,7,220
Henry Ellenson,NYK,22,6,11,245
Ian Clark,NOP,28,6,3,175
Ian Mahinmi,WAS,32,6,11,262
Ike Anigbogu,IND,20,6,10,250
Iman Shumpert,HOU,29,6,5,215
Isaac Bonga,LAL,19,6,8,180
Isaac Humphries,ATL,21,7,0,260
Isaiah Briscoe,ORL,23,6,3,215
Isaiah Canaan,MIL,28,6,0,200
Isaiah Hartenstein,HOU,21,7,0,249
Isaiah Hicks,NYK,24,6,9,230
Isaiah Thomas,DEN,30,5,9,185
Ish Smith,DET,30,6,0,175
Ivan Rabb,MEM,22,6,10,220
Ivica Zubac,LAC,22,7,1,240
J.J. Barea,DAL,35,6,0,185
J.P. Macura,CHA,24,6,5,205
JJ Redick,PHI,35,6,4,200
JR Smith,CLE,33,6,6,225
JaKarr Sampson,CHI,26,6,9,215
JaMychal Green,LAC,29,6,9,227
JaVale McGee,LAL,31,7,0,270
Jabari Parker,WAS,24,6,8,245
Jacob Evans,GSW,22,6,6,210
Jae Crowder,UTA,28,6,6,235
Jahlil Okafor,NOP,23,6,11,275
Jake Layman,POR,25,6,9,215
Jakob Poeltl,SAS,23,7,0,230
Jalen Brunson,DAL,22,6,3,190
Jalen Jones,CLE,26,6,7,220
Jamal Crawford,PHX,39,6,5,185
Jamal Murray,DEN,22,6,4,207
James Ennis III,PHI,28,6,7,210
James Harden,HOU,29,6,5,220
James Johnson,MIA,32,6,8,240
James Nunnally,HOU,28,6,7,208
Jared Dudley,BKN,33,6,7,237
Jared Terrell,MIN,24,6,3,227
Jarell Martin,ORL,25,6,10,239
Jaren Jackson Jr.,MEM,19,6,11,242
Jaron Blossomgame,CLE,25,6,8,220
Jarred Vanderbilt,DEN,20,6,9,214
Jarrett Allen,BKN,21,6,11,237
Jason Smith,NOP,33,7,0,240
Jawun Evans,OKC,22,6,0,190
Jaylen Adams,ATL,23,6,2,190
Jaylen Brown,BOS,22,6,7,220
Jaylen Morris,MIL,23,6,5,185
Jayson Tatum,BOS,21,6,8,208
Jeff Green,WAS,32,6,9,235
Jeff Teague,MIN,31,6,2,195
Jemerrio Jones,LAL,24,6,5,174
Jerami Grant,OKC,25,6,9,220
Jeremy Lamb,CHA,27,6,5,185
Jeremy Lin,TOR,30,6,3,200
Jerian Grant,ORL,26,6,4,205
Jerome Robinson,LAC,22,6,5,190
Jerryd Bayless,MIN,30,6,3,200
Jevon Carter,MEM,23,6,2,196
Jimmer Fredette,PHX,30,6,2,195
Jimmy Butler,PHI,29,6,8,232
Joakim Noah,MEM,34,6,11,230
Jodie Meeks,TOR,31,6,4,210
Joe Chealey,CHA,23,6,3,190
Joe Harris,BKN,27,6,6,218
Joe Ingles,UTA,31,6,8,226
Joel Embiid,PHI,25,7,0,250
John Collins,ATL,21,6,10,235
John Henson,CLE,28,6,11,219
John Holland,CLE,30,6,5,205
John Jenkins,NYK,28,6,4,215
John Wall,WAS,28,6,4,210
Johnathan Motley,LAC,24,6,10,230
Johnathan Williams,LAL,24,6,9,228
Jon Leuer,DET,30,6,10,228
Jonah Bolden,PHI,23,6,10,220
Jonas Jerebko,GSW,32,6,10,231
Jonas Valanciunas,MEM,27,7,0,265
Jonathan Isaac,ORL,21,6,10,210
Jonathon Simmons,PHI,29,6,6,195
Jordan Bell,GSW,24,6,9,224
Jordan Clarkson,CLE,27,6,5,194
Jordan Loyd,TOR,25,6,4,210
Jordan McRae,WAS,28,6,5,179
Jordan Sibert,ATL,26,6,4,187
Jose Calderon,DET,37,6,3,200
Josh Hart,LAL,24,6,5,215
Josh Jackson,PHX,22,6,8,200
Josh Okogie,MIN,20,6,4,212
Josh Richardson,MIA,25,6,6,200
Jrue Holiday,NOP,29,6,4,205
Juancho Hernangomez,DEN,23,6,9,230
Julian Washburn,MEM,27,6,8,209
Julius Randle,NOP,24,6,9,250
Justin Anderson,ATL,25,6,6,230
Justin Holiday,MEM,30,6,6,181
Justin Jackson,DAL,24,6,8,210
Justin Patton,PHI,22,7,0,241
Justise Winslow,MIA,23,6,7,225
Jusuf Nurkic,POR,24,7,0,275
Kadeem Allen,NYK,26,6,3,200
Kalin Lucas,DET,30,6,1,195
Karl-Anthony Towns,MIN,23,7,0,248
Kawhi Leonard,TOR,28,6,7,230
Keita Bates-Diop,MIN,23,6,9,229
Kelly Olynyk,MIA,28,7,0,240
Kelly Oubre Jr.,PHX,23,6,7,205
Kemba Walker,CHA,29,6,1,184
Kenneth Faried,HOU,29,6,8,220
Kenrich Williams,NOP,24,6,7,210
Kent Bazemore,ATL,29,6,5,201
Kentavious Caldwell-Pope,LAL,26,6,5,205
Kevin Durant,GSW,30,6,9,240
Kevin Huerter,ATL,20,6,7,190
Kevin Knox II,NYK,19,6,9,215
Kevin Love,CLE,30,6,10,251
Kevon Looney,GSW,23,6,9,220
Khem Birch,ORL,26,6,9,233
Khris Middleton,MIL,27,6,8,222
Khyri Thomas,DET,23,6,3,210
Klay Thompson,GSW,29,6,7,215
Kobi Simmons,CLE,21,6,4,170
Kosta Koufos,SAC,30,7,0,245
Kostas Antetokounmpo,DAL,21,6,10,200
Kris Dunn,CHI,25,6,4,205
Kyle Anderson,MEM,25,6,9,230
Kyle Korver,UTA,38,6,7,212
Kyle Kuzma,LAL,23,6,9,220
Kyle Lowry,TOR,33,6,1,196
Kyle O'Quinn,IND,29,6,10,250
Kyrie Irving,BOS,27,6,3,193
LaMarcus Aldridge,SAS,33,6,11,260
Lance Stephenson,LAL,28,6,6,230
Lance Thomas,NYK,31,6,8,240
Landry Shamet,LAC,22,6,5,188
Langston Galloway,DET,27,6,2,200
Larry Nance Jr.,CLE,26,6,9,230
Lauri Markkanen,CHI,22,7,0,240
LeBron James,LAL,34,6,8,250
Lonnie Walker IV,SAS,20,6,5,205
Lonzo Ball,LAL,21,6,6,190
Lorenzo Brown,TOR,28,6,5,189
Lou Williams,LAC,32,6,1,175
Luc Mbah a Moute,LAC,32,6,8,230
Luka Doncic,DAL,20,6,7,218
Luke Kennard,DET,23,6,5,206
Luke Kornet,NYK,23,7,1,250
Luol Deng,MIN,34,6,9,237
Malachi Richardson,TOR,23,6,6,205
Malcolm Brogdon,MIL,26,6,5,229
Malcolm Miller,TOR,26,6,7,210
Malik Beasley,DEN,22,6,5,195
Malik Monk,CHA,21,6,3,200
MarShon Brooks,MEM,30,6,5,200
Marc Gasol,TOR,34,7,1,255
Marcin Gortat,LAC,35,6,11,240
Marco Belinelli,SAS,33,6,5,210
Marcus Derrickson,GSW,23,6,7,249
Marcus Morris Sr.,BOS,29,6,9,235
Marcus Smart,BOS,25,6,4,220
Mario Hezonja,NYK,24,6,8,225
Markelle Fultz,ORL,21,6,4,200
Markieff Morris,OKC,29,6,10,245
Marquese Chriss,CLE,21,6,10,240
Marvin Bagley III,SAC,20,6,11,234
Marvin Williams,CHA,33,6,9,237
Mason Plumlee,DEN,29,6,11,235
Matthew Dellavedova,CLE,28,6,4,200
Maurice Harkless,POR,26,6,9,220
Maxi Kleber,DAL,27,6,11,240
Melvin Frazier Jr.,ORL,22,6,6,200
Meyers Leonard,POR,27,7,1,255
Michael Beasley,LAL,30,6,9,235
Michael Carter-Williams,ORL,27,6,6,190
Michael Kidd-Gilchrist,CHA,25,6,7,232
Mikal Bridges,PHX,22,6,7,210
Mike Conley,MEM,31,6,1,175
Mike Muscala,LAL,27,6,11,240
Mike Scott,PHI,30,6,8,237
Miles Bridges,CHA,21,6,7,225
Miles Plumlee,ATL,30,6,11,249
Milos Teodosic,LAC,32,6,5,196
Mitchell Creek,MIN,27,6,6,225
Mitchell Robinson,NYK,21,7,1,240
Mo Bamba,ORL,21,7,0,221
Monte Morris,DEN,24,6,3,175
Montrezl Harrell,LAC,25,6,8,240
Moritz Wagner,LAL,22,6,11,245
Myles Turner,IND,23,6,11,250
Naz Mitrou-Long,UTA,25,6,4,218
Nemanja Bjelica,SAC,31,6,10,234
Nene,HOU,36,6,11,250
Nerlens Noel,OKC,25,6,11,220
Nick Young,DEN,34,6,7,210
Nicolas Batum,CHA,30,6,8,200
Nik Stauskas,CLE,25,6,6,205
Nikola Jokic,DEN,24,7,0,250
Nikola Mirotic,MIL,28,6,10,250
Nikola Vucevic,ORL,28,7,0,260
Noah Vonleh,NYK,23,6,9,250
Norman Powell,TOR,26,6,4,215
OG Anunoby,TOR,21,6,8,232
Okaro White,WAS,26,6,8,205
Omari Spellman,ATL,21,6,9,245
Omri Casspi,MEM,31,6,9,225
Otto Porter Jr.,CHI,26,6,8,198
P.J. Tucker,HOU,34,6,6,245
PJ Dozier,BOS,22,6,6,205
Pascal Siakam,TOR,25,6,9,230
Pat Connaughton,MIL,26,6,4,209
Patrick Beverley,LAC,30,6,1,185
Patrick McCaw,TOR,23,6,7,185
Patrick Patterson,OKC,30,6,9,230
Patty Mills,SAS,30,6,0,180
Pau Gasol,MIL,38,7,0,250
Paul George,OKC,29,6,9,220
Paul Millsap,DEN,34,6,8,246
Quincy Acy,PHX,28,6,7,240
Quincy Pondexter,SAS,31,6,7,230
Quinn Cook,GSW,26,6,2,179
RJ Hunter,BOS,25,6,5,185
Rajon Rondo,LAL,33,6,1,186
Raul Neto,UTA,27,6,1,179
Rawle Alkins,CHI,21,6,5,225
Ray Spalding,PHX,22,6,10,215
Raymond Felton,OKC,35,6,1,205
Reggie Bullock,LAL,28,6,7,205
Reggie Jackson,DET,29,6,3,208
Richaun Holmes,PHX,25,6,10,235
Ricky Rubio,UTA,28,6,4,190
Robert Covington,MIN,28,6,9,225
Robert Williams III,BOS,21,6,10,240
Robin Lopez,CHI,31,7,0,275
Rodions Kurucs,BKN,21,6,9,210
Rodney Hood,POR,26,6,8,206
Rodney McGruder,LAC,27,6,4,200
Ron Baker,WAS,26,6,4,220
Rondae Hollis-Jefferson,BKN,24,6,7,217
Royce O'Neale,UTA,26,6,6,226
Rudy Gay,SAS,32,6,8,230
Rudy Gobert,UTA,27,7,1,245
Russell Westbrook,OKC,30,6,3,200
Ryan Anderson,MIA,31,6,10,240
Ryan Arcidiacono,CHI,25,6,3,200
Ryan Broekhoff,DAL,28,6,7,215
Salah Mejri,DAL,33,7,2,235
Sam Dekker,WAS,25,6,9,230
Scott Machado,LAL,29,6,1,205
Semi Ojeleye,BOS,24,6,7,241
Serge Ibaka,TOR,29,6,10,235
Seth Curry,POR,28,6,2,185
Shabazz Napier,BKN,27,6,1,180
Shai Gilgeous-Alexander,LAC,20,6,6,181
Shake Milton,PHI,22,6,6,207
Shaquille Harrison,CHI,25,6,4,190
Shaun Livingston,GSW,33,6,7,192
Shelvin Mack,CHA,29,6,3,203
Sindarius Thornwell,LAC,24,6,5,215
Skal Labissiere,POR,23,6,11,235
Solomon Hill,NOP,28,6,7,225
Spencer Dinwiddie,BKN,26,6,6,210
Stanley Johnson,NOP,23,6,7,245
Stephen Curry,GSW,31,6,3,190
Sterling Brown,MIL,24,6,6,232
Steven Adams,OKC,25,7,0,265
Svi Mykhailiuk,DET,22,6,8,205
T.J. McConnell,PHI,27,6,2,190
T.J. Warren,PHX,25,6,8,215
TJ Leaf,IND,22,6,10,225
Tahjere McCall,BKN,24,6,5,190
Taj Gibson,MIN,34,6,9,232
Taurean Prince,ATL,25,6,8,220
Terrance Ferguson,OKC,21,6,7,190
Terrence Jones,HOU,27,6,9,252
Terrence Ross,ORL,28,6,7,206
Terry Rozier,BOS,25,6,1,190
Thabo Sefolosha,UTA,35,6,7,220
Thaddeus Young,IND,31,6,8,221
Theo Pinson,BKN,23,6,6,218
Thomas Bryant,WAS,21,6,11,248
Thomas Welsh,DEN,23,7,0,255
Thon Maker,DET,22,7,1,221
Tim Frazier,MIL,28,6,1,170
Tim Hardaway Jr.,DAL,27,6,6,205
Timothe Luwawu-Cabarrot,CHI,24,6,6,210
Tobias Harris,PHI,26,6,9,235
Tomas Satoransky,WAS,27,6,7,210
Tony Bradley,UTA,21,6,10,248
Tony Parker,CHA,37,6,2,185
Tony Snell,MIL,27,6,7,213
Torrey Craig,DEN,28,6,7,215
Trae Young,ATL,20,6,2,180
Treveon Graham,BKN,25,6,5,225
Trevon Duval,HOU,20,6,2,189
Trevor Ariza,WAS,33,6,8,215
Trey Burke,DAL,26,6,1,175
Trey Lyles,DEN,23,6,10,234
Tristan Thompson,CLE,28,6,10,238
Troy Brown Jr.,WAS,19,6,7,215
Troy Caupain,ORL,23,6,4,210
Troy Daniels,PHX,27,6,4,205
Troy Williams,SAC,24,6,7,218
Tyler Cavanaugh,UTA,25,6,9,238
Tyler Davis,OKC,22,6,10,266
Tyler Dorsey,MEM,23,6,5,183
Tyler Johnson,PHX,27,6,4,190
Tyler Lydon,DEN,23,6,10,225
Tyler Ulis,CHI,23,5,10,160
Tyler Zeller,MEM,29,7,0,253
Tyreke Evans,IND,29,6,6,220
Tyrone Wallace,LAC,25,6,5,198
Tyson Chandler,LAL,36,7,1,240
Tyus Jones,MIN,23,6,2,196
Udonis Haslem,MIA,39,6,8,235
Victor Oladipo,IND,27,6,4,210
Vince Carter,ATL,42,6,6,220
Vincent Edwards,HOU,23,6,8,225
Wade Baldwin IV,POR,23,6,4,200
Walt Lemon Jr.,CHI,26,6,3,180
Wayne Ellington,DET,31,6,5,200
Wayne Selden,CHI,24,6,5,230
Wendell Carter Jr.,CHI,20,6,10,255
Wes Iwundu,ORL,24,6,7,195
Wesley Johnson,WAS,31,6,7,215
Wesley Matthews,IND,32,6,5,220
Will Barton,DEN,28,6,6,190
Willie Cauley-Stein,SAC,25,7,0,240
Willy Hernangomez,CHA,25,6,11,240
Wilson Chandler,LAC,32,6,9,225
Yante Maten,MIA,22,6,8,240
Yogi Ferrell,SAC,26,6,0,180
Yuta Watanabe,MEM,24,6,9,205
Zach Collins,POR,21,7,0,235
Zach LaVine,CHI,24,6,5,200
Zach Lofton,DET,26,6,4,180
Zaza Pachulia,DET,35,6,11,270
Zhaire Smith,PHI,20,6,4,199
Zhou Qi,HOU,23,7,1,210
